"","city_stat","city_lat","city_long","tot_stat","LAT","LOG","DISTN","ID"
"1","VANCOUVERINTL",49.194,-123.184,"BC_VANCOUVER",49.2,-123.1833,0.669105573769273,"CA001108395"
"2","PRINCEGEORGE",53.889,-122.679,"BC_PRINCE",53.8833,-122.6833,0.693638041466474,"CA001096439"
"3","EDMONTONINTL",53.31,-113.58,"AB_EDMONTON",53.3167,-113.5833,0.77659125336128,"CA003012205"
"4","CALGARYINTL",51.114,-114.02,"AB_CALGARY",51.1167,-114.0167,0.378413914651072,"CA003031092"
"5","SASKATOONJGDIEFENBAKERINT",52.167,-106.7,"SK_SASKATOON",52.1667,-106.6833,1.13947812180963,"CA004057170"
"6","WINNIPEGINTL",49.91,-97.24,"MB_WINNIPEG",49.9167,-97.2333,0.886108046758073,"CA005023222"
"7","YELLOWKNIFE",62.463,-114.44,"NT_YELLOWKNIFE",62.4667,-114.4333,0.536550322965573,"CA002204100"
"8","THUNDERBAYA",48.367,-89.333,"ON_THUNDER",48.3667,-89.3333,0.0400492467888376,"CA006048261"
"9","TORONTOCITYCENTRE",43.617,-79.383,"ON_TORONTO",43.6167,-79.4,1.36893509860835,"CA006158660"
"10","MONTREAL/TRUDEAUINT",45.467,-73.733,"QC_MONTREAL",45.4706,-73.7408,0.728154634493044,"CA007025251"
"11","BAGOTVILLE",48.331,-70.996,"QC_BAGOTVILLE",48.3333,-71,0.390950749974764,"CA007060400"
"12","HALIFAXINTL",44.881,-63.509,"NS_HALIFAX",44.8833,-63.5167,0.658373052033704,"CA008202251"
"13","STJOHNSINTL",47.619,-52.752,"NL_ST.",47.6167,-52.75,0.296444378074336,"CA008403505"
"14","GENELLOGANINTERNATIONALA",42.361,-71.01,"MA_BOSTON",42.3606,-71.0106,0.066397351635816,"USW00014739"
"15","JOHNFKENNEDYINTERNATIONAL",40.639,-73.764,"NY_NEW",40.6386,-73.7622,0.158259273329837,"USW00094789"
"16","WASHINGTONDULLESINTERNATION",38.935,-77.447,"VA_WASHINGTON",38.9408,-77.4636,1.57394108475519,"USW00093738"
"17","RALEIGH-DURHAMINTERNATIONAL",35.892,-78.782,"NC_RALEIGH",35.8922,-78.7819,0.0239941503893761,"USW00013722"
"18","HARTSFIELD-JACKSONATLANTAIN",33.63,-84.442,"GA_ATLANTA",33.63,-84.4417,0.0277753152800622,"USW00013874"
"19","MIAMIINTERNATIONALAIRPORT",25.788,-80.317,"FL_MIAMI",25.7906,-80.3164,0.295281875988872,"USW00012839"
"20","LOUISARMSTRONGNEWORLEANSI",29.998,-90.278,"LA_NEW",29.9933,-90.2511,2.64271083228184,"USW00012916"
"21","DALLAS/FTWORTHINTERNATIONAL",32.897,-97.022,"TX_DALLAS",32.8978,-97.0189,0.302790909595204,"USW00003927"
"22","NASHVILLEINTERNATIONALAIRPO",36.111,-86.688,"TN_NASHVILLE",36.1167,-86.6833,0.76155391303356,"USW00003839"
"23","CLEVELAND-HOPKINSINTERNATION",41.406,-81.852,"OH_CLEVELAND",41.4131,-81.86,1.03363492629976,"USW00014820"
"24","CHICAGOMIDWAYINTLARPT",41.784,-87.755,"IL_CHICAGO",41.7861,-87.7522,0.329275779517286,"USW00014819"
"25","MINNEAPOLIS-STPAULINTERNATI",44.885,-93.231,"MN_MINNEAPOLIS/ST",44.8831,-93.2289,0.268344588738301,"USW00014922"
"26","BISMARCKMUNICIPALAIRPORT",46.782,-100.758,"ND_BISMARCK",46.7717,-100.7592,1.14894748936106,"USC00320818"
"27","KANSASCITYINTERNATIONALAIR",39.297,-94.731,"MO_KANSAS",39.2972,-94.7306,0.0409795963456306,"USW00003947"
"28","CITYOFCOLORADOSPRINGSMUNI",38.809,-104.689,"CO_COLORADO",38.81,-104.6883,0.126661262019467,"USW00093037"
"29","HELENAREGIONALAIRPORT",46.604,-111.989,"MT_SETH",46.6083,-111.9658,1.83565827717544,"USR0000MSET"
"30","ALBUQUERQUEINTLSUNPORTAIRP",35.042,-106.615,"NM_ALBUQUERQUE",35.0419,-106.6156,0.0557435900320656,"USW00023050"
"31","PHOENIXSKYHARBORINTLAIRPO",33.428,-112.004,"AZ_PHOENIX",33.4278,-112.0039,0.0240975679142781,"USW00023183"
"32","LOSANGELESINTERNATIONALAIR",33.938,-118.387,"CA_LOS",33.9381,-118.3889,0.175631052347075,"USW00023174"
"33","SANFRANCISCOINTERNATIONALA",37.62,-122.366,"CA_SAN",37.6197,-122.3647,0.119258077266621,"USW00023234"
"34","SALTLAKECITYINTERNATIONAL",40.771,-111.965,"UT_SALT",40.7781,-111.9694,0.872101393585687,"USW00024127"
"35","RENO/TAHOEINTERNATIONALAIRP",39.508,-119.768,"NV_UNIV",39.5167,-119.7833,1.6305085993885,"USC00268500"
"36","BOISEAIRTERMINAL/GOWENFDA",43.567,-116.241,"ID_BOISE",43.5667,-116.2406,0.0463831401123265,"USW00024131"
"37","PORTLANDINTERNATIONALAIRPOR",45.596,-122.609,"OR_PORTLAND",45.5908,-122.6003,0.890262102640382,"USW00024229"
"38","TEDSTEVENSANCHORAGEINTL",61.169,-150.028,"AK_ANCHORAGE",61.1689,-150.0278,0.0154484023909464,"USW00026451"
"39","NOMEAIRPORT",64.511,-165.44,"AK_NOME",64.5111,-165.44,0.0111194926645684,"USW00026617"
"40","HONOLULUINTERNATIONALAIRPOR",21.324,-157.939,"HI_HONOLULU",21.3239,-157.9294,0.994453636991275,"USW00022521"
"41","GENERALIGNACIOPGARCIAINTL",29.096,-111.048,"GENERAL_IGNACIO",29.096,-111.048,0,"MXM00076160"
"42","DELNORTEINTL",25.866,-100.237,"SALINAS_VICTORIA",25.95,-100.2833,10.4253454945856,"MXN00019134"
"43","CABOSANLUCAS",22.948,-109.939,"CABO_SAN",22.8667,-109.9,9.88337377687941,"MXN00003005"
"44","DONMIGUELHIDALGOYCOSTILLA",20.522,-103.311,"TLAQUEPAQUE_",20.6333,-103.3,12.4288584410003,"MXN00014132"
"45","LICENCIADOBENITOJUAREZINTL",19.436,-99.072,"SAN_JUAN",19.45,-99.0667,1.65294757186029,"MXN00009043"
"46","LICENCIADOMANUELCRESCENCIO",20.937,-89.658,"AEROP.INTERNACIONAL_GSN",20.983,-89.65,5.18198244390875,"MXM00076644"
"47","TONCONTININTL",14.061,-87.217,"TEGUCIGALPA_78720",14.05,-87.217,1.22314419308996,"HO000078720"
"48","TOCUMENINTL",9.071,-79.383,"ANTONIO_ROLDAN",7.812,-76.716,325.030985052539,"COM00080084"
"49","JOSEMARTIINTL",22.989,-82.409,"CASA_BLANCA",23.167,-82.35,20.6924574241686,"CUM00078325"
"50","NORMANMANLEYINTL",17.936,-76.788,"NORMAN_MANLEY",17.936,-76.788,0,"JMM00078397"
"51","NAVALATLANTICMETEROLOGY&O",32.367,-64.683,"L_F",32.3667,-64.6833,0.0436653814201681,"BDM00078016"
"52","GEORGETOWN",6.499,-58.254,"GEORGETOWN_81002",6.5,-58.25,0.455695638952299,"GYW00010502"
"53","SIMONBOLIVARINTL",10.603,-66.991,"SIMON_BOLIVAR",10.603,-66.991,0,"VEM00080415"
"54","ELDORADOINTL",4.702,-74.147,"BOGOTA/ELDORADO_GSN",4.701,-74.15,0.350564579379152,"CO000080222"
"55","JOSEMARIACORDOVA",6.165,-75.423,"JOSE_MARIA",6.165,-75.423,0,"COM00080112"
"56","SIMONBOLIVARINTL",-2.157,-79.884,"ISABEL_MARIA",-1.83,-79.56,51.1711375139706,"EC000000036"
"57","JORGECHAVEZINTL",-12.022,-77.114,"FOZ_DO",-9.4,-72.7,563.499683414816,"BR000972000"
"58","ELALTOINTL",-16.513,-68.192,"EL_ALTO",-16.513,-68.192,0,"BLM00085201"
"59","SILVIOPETTIROSSIINTL",-25.24,-57.519,"FORMOSA_87162",-26.213,-58.228,129.420401737144,"ARM00087162"
"60","CERROMORENOINTL",-23.444,-70.445,"ANTOFAGASTA_GSN",-23.433,-70.45,1.32524847797978,"CI000085442"
"61","ARTUROMERINOBENITEZINTL",-33.393,-70.786,"ARTURO_MERINO",-33.393,-70.786,0,"CIM00085574"
"62","PICHOY",-39.65,-73.086,"PICHOY_85766",-39.65,-73.086,0,"CIM00085766"
"63","CARLOSIBANEZDELCAMPOINTL",-53.003,-70.855,"PUNTA_ARENAS",-53,-70.967,7.50206212439657,"CI000085934"
"64","ALMIRANTEZAR",-43.211,-65.27,"TRELEW_AERO",-43.2,-65.266,1.26538063410659,"AR000087828"
"65","COMANDANTEESPORA",-38.725,-62.169,"BAHIA_BLANCA",-38.733,-62.167,0.906319216625001,"AR000877500"
"66","AEROPARQUEJORGENEWBERY",-34.559,-58.416,"AEROPARQUE_JORGE",-34.559,-58.416,0,"ARM00087582"
"67","AMBROSIOLVTARAVELLA",-31.324,-64.208,"CORDOBA_AERO",-31.317,-64.217,1.15617251053509,"AR000087344"
"68","SALGADOFILHO",-29.994,-51.171,"CANOAS_83967",-29.946,-51.144,5.93730972424204,"BRM00083967"
"69","GALEAOANTONIOCARLOSJOBIM",-22.809,-43.244,"GALEAO_ANTONIO",-22.809,-43.244,0,"BRM00083746"
"70","PRESIDENTEJUSCELINOKUBITSCH",-15.863,-47.913,"BRASILIA_83377",-15.783,-47.933,9.14929608556327,"BRM00083377"
"71","MARECHALRONDON",-15.653,-56.117,"SANTA_EDWIGES",-15.7,-56.13,5.40830578908856,"BR001556007"
"72","DEPUTADOLUISEDUARDOMAGALHA",-12.911,-38.331,"JOANES_",-12.85,-38.32,6.88689634458165,"BR001238020"
"73","PINTOMARTINSINTL",-3.776,-38.533,"FORTALEZA_(ESCOLA",-3.75,-38.53,2.91016738631792,"BR028725940"
"74","VALDECANSINTL",-1.379,-48.476,"VAL_DE",-1.379,-48.476,0,"BRM00082193"
"75","EDUARDOGOMESINTL",-3.039,-60.05,"MANAUS_GSN",-3.133,-60.017,11.0759544672712,"BRM00082331"
"76","NUUK(GODTHAAB)",64.167,-51.75,"NUUK_GSN",64.1667,-51.75,0.0333584779922904,"GL000004250"
"77","REYKJAVIK",64.13,-21.941,"REYKJAVIK_GSN",64.1269,-21.9025,1.89957551125219,"IC000004030"
"78","TROMSO",69.683,18.919,"ENONTEKIO_KILPISJARVI",69.05,20.783,101.426240661639,"FIM00002801"
"79","GARDERMOEN",60.194,11.1,"HOGSATER_",59.88,11.97,59.6102713768638,"SWE00139164"
"80","BROMMA",59.354,17.942,"STOCKHOLM-BROMMA_",59.3533,17.9514,0.538449748575758,"SWE00138894"
"81","ROVANIEMI",66.565,25.83,"ROVANIEMI_LENTOASEMA",66.5581,25.8353,0.802256453744583,"FIE00146207"
"82","HELSINKIVANTAA",60.317,24.963,"VANTAA_HELSINKI-VANTAAN",60.3269,24.9603,1.11082084741115,"FIE00142080"
"83","VILNIUSINTL",54.634,25.286,"VILNIUS_GSN",54.6331,25.1,11.9713827235716,"LH000026730"
"84","KASTRUP",55.618,12.656,"KOEBENHAVN:_BOTANISK",55.6831,12.5831,8.56268297696053,"DA000030370"
"85","DYCE",57.202,-2.198,"DYCE_",57.205,-2.2039,0.487396435273139,"UKE00105881"
"86","ALDERGROVE",54.658,-6.216,"ALDERGROVE_03917",54.658,-6.216,0,"UKM00003917"
"87","HEATHROW",51.478,-0.461,"HEATHROW_03772",51.478,-0.461,0,"UKM00003772"
"88","SCHIPHOL",52.309,4.764,"HOOFDDORP_",52.3167,4.7,4.43410307662589,"NLE00100503"
"89","ORLY",48.725,2.359,"ORLY_07149",48.7167,2.3842,2.06620897857911,"FRM00007149"
"90","MERIGNAC",44.828,-0.716,"MONT_DE",43.912,-0.508,103.187564262232,"FRM00007607"
"91","BARAJAS",40.494,-3.567,"MADRID/BARAJAS_08221",40.4667,-3.5556,3.18506823673273,"SPE00120278"
"92","LISBOA",38.781,-9.136,"BADAJOZ/TALAVERA_LA",38.8831,-6.8292,200.130614480123,"SP000004452"
"93","FRANKFURTMAIN",50.026,8.543,"RHEIN_MAIN",50.0333,8.5833,2.99091045894049,"GMW00035032"
"94","BERNBELP",46.914,7.497,"PAYERNE_06610",46.8167,6.95,42.9702949835941,"SZE00116090"
"95","SCHWECHAT",48.11,16.57,"WIEN_GSN",48.2331,16.35,21.2960470818139,"AU000005901"
"96","VENEZIATESSERA",45.505,12.352,"ISTRANA_16098",45.685,12.083,28.959597945449,"ITM00016098"
"97","ELMAS",39.251,9.054,"CAGLIARI_16560",39.2331,9.05,2.01997794102538,"IT000016560"
"98","OKECIE",52.166,20.967,"VYSOKOJE_33001",52.367,23.383,165.913285387892,"BOM00033001"
"99","FERIHEGY",47.437,19.256,"BUDAPEST/PESTSZENTLORINC_12843",47.433,19.183,5.50869193068854,"HUM00012843"
"100","BEOGRAD",44.818,20.309,"TUZLA_14557",44.55,18.7,130.647678934243,"BKM00014557"
"101","TIRANARINAS",41.415,19.721,"TIRANA_RINAS",41.415,19.721,0,"ALM00013615"
"102","NIKOSKAZANTZAKIS",35.34,25.18,"HERAKLION_16754",35.3331,25.1831,0.81715222110268,"GR000016754"
"103","SOFIA",42.695,23.406,"SOFIA_15614",42.695,23.406,0,"BUM00015614"
"104","HENRICOANDA",44.571,26.085,"VARNA_15552",43.232,27.825,203.957833073379,"BUM00015552"
"105","LUQA",35.857,14.478,"LUQA_GSN",35.85,14.4831,0.90394679835749,"MT000016597"
"106","PULKOVO",59.8,30.263,"ST._PETERSBURG",59.9667,30.3,18.6507917650626,"RSM00026063"
"107","SHEREMETYEVO",55.973,37.415,"MOSCOW_GSN",55.8331,37.6167,20.0018715106714,"RSM00027612"
"108","ZHULIANYINTL",50.402,30.451,"KIEV_33345",50.4,30.5331,5.82323458907805,"UPM00033345"
"109","ODESAINTL",46.427,30.676,"ODESA_33837",46.48,30.63,6.86653948241527,"UPM00033837"
"110","CHERTOVITSKOYE",51.814,39.23,"VORONEZ_GSN",51.7,39.2167,12.7092331887928,"RSM00034123"
"111","ELISTA",46.367,44.333,"ELISTA_34861",46.32,44.3,5.80771198915515,"RSM00034861"
"112","GUMRAK",48.783,44.346,"VOLGOGRAD_34560",48.8,44.7,26.0011705767121,"RSM00034560"
"113","ORENBURG",51.796,55.457,"ORENBURG_35121",51.6831,55.1,27.6016931564586,"RSM00035121"
"114","TALAGI",64.6,40.717,"ARHANGELSK_GSN",64.5,40.7331,11.1460732258054,"RSM00022550"
"115","MURMANSK",68.782,32.751,"KOLA-IN-MURMAN_22112",68.883,33.017,15.4983614829816,"RSM00022112"
"116","KAZAN",55.606,49.279,"KAZAN_GSN",55.7331,49.2,14.9760184228279,"RSM00027595"
"117","KOLTSOVO",56.743,60.803,"EKATERINBURG_28440",56.8331,60.6331,14.4031875492897,"RSM00028440"
"118","SURGUT",61.344,73.402,"SURGUT_23849",61.25,73.5,11.689353354234,"RSM00023849"
"119","VORKUTA",67.483,64.017,"VORKUTA_23226",67.483,64.016,0.0425829351326045,"RSM00023226"
"120","OMSKRS",54.967,73.311,"OMSK_GSN",55.0167,73.3831,7.18994384010991,"RSM00028698"
"121","TOLMACHEVO",55.013,82.651,"NOVOSIBIRSK_29634",55.083,82.9,17.6687550569199,"RSM00029634"
"122","NORIL'SK",69.333,88.25,"DUDINKA_GSN",69.4,86.17,81.8382089948975,"RSM00023074"
"123","YAKUTSK",62.093,129.771,"JAKUTSK_GSN",62.0167,129.7167,8.94356213407521,"RSM00024959"
"124","NOVOKUZNETSK",53.733,87.183,"NOVOKUZNETSK_29846",53.8,86.9,20.0366451764026,"RSM00029846"
"125","IRKUTSK",52.268,104.389,"IRKUTSK_GSN",52.2667,104.35,2.65783815591579,"RSM00030710"
"126","KADALA",52.026,113.306,"CHITA_GSN",52.0831,113.4831,13.6728019645699,"RSM00030758"
"127","NOVY",48.528,135.188,"HABAROVSK_31735",48.5167,135.1167,5.39930510347405,"RSM00031735"
"128","SOKOL",59.911,150.72,"MAGADAN_25913",59.55,150.7831,40.2968684345271,"RSM00025913"
"129","YELIZOVO",53.168,158.454,"SOSNOVKA-1_32547",53.1,158.3,12.7560509102185,"RSM00032547"
"130","KHOMUTOVO",46.889,142.718,"JUZHNO-SAHALINSK_GSN",46.95,142.72,6.78459113248816,"RSM00032150"
"131","ASTANAINTL",51.022,71.467,"ASTANA_35188",51.1331,71.3667,14.2025686120269,"KZ000035188"
"132","AKTAU",43.86,51.092,"AKTAU_38111",43.7,51.1,17.8027773449343,"KZ000038111"
"133","KZYL-ORDA",44.767,65.533,"KYZYLORDA_38062",44.85,65.5,9.5893226687372,"KZ000038062"
"134","BISHKEK",42.85,74.533,"BISHKEK_GSN",42.83,74.58,4.43066560553466,"KG000038353"
"135","YUZHNY",41.258,69.281,"TASHKENT_GSN",41.27,69.2694,1.64939675085525,"UZM00038457"
"136","NUKUS",42.45,59.617,"NUKUS_38264",42.45,59.617,0,"UZM00038264"
"137","DUSHANBE",38.543,68.825,"DUSHANBE_38836",38.5494,68.8,2.28766114924902,"TI000038836"
"138","ASHGABAT",37.987,58.361,"ASHGABAT_38880",37.9667,58.3331,3.32797579179339,"TX000038880"
"139","HEYDARALIYEV",40.468,50.047,"MASHTAGA_37860",40.533,50,8.24813233010442,"AJ000037860"
"140","TBILISI/LOCHINIAIRPORT",41.75,44.767,"KODJORY_37544",41.7,44.7,7.86308534360598,"GG000037544"
"141","ZAHEDANINTL",29.476,60.907,"ZAHEDAN_GSN",29.476,60.907,0,"IR000408560"
"142","MASHHADINTL",36.235,59.641,"MASHHAD_GSN",36.267,59.633,3.62983148476604,"IR000040745"
"143","GORGAN",36.909,54.401,"GORGAN_40738",36.909,54.401,0,"IRM00040738"
"144","MEHRABADINTL",35.689,51.313,"TEHRAN-MEHRABAD_GSN",35.683,51.317,0.758699692720375,"IR000407540"
"145","ESFAHANSHAHIDBEHESHTIINTL",32.751,51.862,"ESFAHAN_SHAHID",32.751,51.862,0,"IRM00040800"
"146","SHIRAZSHAHIDDASTGHAIBINTL",29.539,52.589,"SHIRAZ_GSN",29.533,52.533,5.45862910587648,"IR000040848"
"147","KIRKUKAB",35.469,44.349,"HAKKARI_17285",37.567,43.767,239.012597577489,"TUM00017285"
"148","BAGHDADINTLAIRPORT",33.267,44.233,"ILAM_40780",33.633,46.433,208.123505036012,"IRM00040780"
"149","KUWAITINTL",29.227,47.969,"KUWAIT_INTERNATIONA",29.222,47.966,0.627583396411935,"KU000405820"
"150","BAHRAININTL",26.271,50.634,"BAHRAIN_(INT.",26.267,50.65,1.65622256647176,"BA000041150"
"151","DUBAIINTL",25.255,55.364,"DUBAI_INTL",25.255,55.364,0,"AEM00041194"
"152","SEEBINTL",23.593,58.284,"SEEB_INTL",23.593,58.284,0,"MUM00041256"
"153","KINGABDULLAHBINABDULAZIZ",16.901,42.586,"KING_ABDULLAH",16.901,42.586,0,"SAM00041140"
"154","KINGKHALEDINTL",24.958,46.699,"KING_KHALED",24.958,46.699,0,"SAM00040437"
"155","KINGABDULAZIZINTL",21.68,39.157,"JEDDAH_(KING",21.7,39.183,3.48745170626256,"SA000041024"
"156","BENGURION",32.011,34.887,"BEN_GURION",32.011,34.887,0,"ISM00040180"
"157","BASSELALASSADINTL",35.401,35.949,"LATTAKIA_GSN",35.53,35.77,21.646049467838,"SY000040022"
"158","VAN",38.468,43.332,"VAN_GSN",38.45,43.32,2.25782348695994,"TU000017170"
"159","TRABZON",40.995,39.79,"RIZE_GSN",41.0331,40.5167,61.1184007322002,"TU000017040"
"160","ESENBOGA",40.128,32.995,"ANKARA/CENTRAL_17130",39.95,32.883,21.9695660193561,"TUM00017130"
"161","ATATURK",40.977,28.821,"ISTANBUL_GSN",40.9667,29.0831,22.0345680129134,"TU000017062"
"162","CAIROINTL",30.122,31.406,"CAIRO_ABBASSIA",30.08,31.29,12.0969835313639,"EGE00147727"
"163","ASWANINTL",23.964,32.82,"ASSWAN_GSN",23.9667,32.7831,3.76137127488467,"EG000062414"
"164","KHARTOUM",15.589,32.553,"KHARTOUM_62721",15.6,32.549,1.29599921631305,"SU000062721"
"165","BENINAAIRPORT",32.097,20.269,"BENGHAZI_BENINA",32.08,20.27,1.89265980590915,"LYE00147747"
"166","CARTHAGE",36.851,10.227,"CARTHAGE_60715",36.851,10.227,0,"TSM00060715"
"167","HOUARIBOUMEDIENE",36.691,3.215,"ALGER-DAR_EL",36.7167,3.25,4.23110240120297,"AG000060390"
"168","ESSENIA",35.624,-0.621,"ES_SENIA",35.624,-0.621,0,"AGM00060490"
"169","SAISS",33.927,-4.978,"BASSATINE_60150",33.879,-5.515,49.8461971414749,"MOM00060150"
"170","MOHAMMEDV",33.367,-7.59,"NOUASSEUR_",33.3667,-7.5833,0.623097440434951,"MOW00013019"
"171","MENARA",31.607,-8.036,"MENARA_60230",31.607,-8.036,0,"MOM00060230"
"172","HASSANI",27.152,-13.219,"FUERTEVENTURA/AEROPUERTO_60035",28.4444,-13.8631,157.053038468702,"SPE00120197"
"173","NOUADHIBOU",20.933,-17.03,"NOUADHIBOU_GSN",20.933,-17.033,0.311567801846528,"MR000061415"
"174","TAMANRASSET",22.8,5.45,"TAMANRASSET_GSN",22.8,5.4331,1.73235994229788,"AG000060680"
"175","DJIBOUTI/AMBOULI",11.55,43.133,"ASSAB_63043",13.067,42.717,174.631610335857,"ER000063043"
"176","BOLEINTL",8.978,38.799,"ADDIS_ABABA-BOLE",9.033,38.75,8.14624984131887,"ET000063450"
"177","DIREDAWAINTL",9.625,41.854,"DIREDAWA_63471",9.6,41.85,2.81425080935106,"ET000063471"
"178","NAIROBIJKIA",-1.319,36.928,"JOMO_KENYATTA",-1.317,36.917,1.24287869056273,"KE000063740"
"179","MOMBASAMOIINTL",-4.035,39.594,"MOMBASA_GSN",-4.033,39.617,2.56082189130151,"KE000063820"
"180","ENTEBBEINTL",0.042,32.444,"JINJA_63682",0.45,33.183,93.8641041613055,"UG000063682"
"181","BUJUMBURAINTL",-3.324,29.319,"BUJUMBURA_64390",-3.317,29.317,0.809408795424887,"BY000064390"
"182","ZANZIBAR",-6.222,39.225,"ZANZIBAR_63870",-6.222,39.225,0,"TZM00063870"
"183","LILONGWEINTL",-13.789,33.781,"LILONGWE_INTL",-13.789,33.781,0,"MIM00067586"
"184","LUSAKAINTL",-15.333,28.45,"MOUNT_MAKULU",-15.55,28.25,32.2759029221813,"ZA000067667"
"185","ROBERTGABRIELMUGABEINTL",-17.93,31.094,"HARARE_(KUTSAGA)",-17.917,31.133,4.37202401680087,"ZI000067775"
"186","MAPUTO",-25.921,32.573,"MAPUTO_67341",-25.921,32.573,0,"MZM00067341"
"187","IVATO",-18.797,47.479,"ANTANANARIVO/IVATO_GSN",-18.8,47.483,0.537182825386084,"MA000067083"
"188","PRINCESAIDIBRAHIM",-11.534,43.272,"DZAOUDZI_PAMANDZI",-12.805,45.281,260.109789186741,"MFM00067005"
"189","LANSERIA",-25.939,27.926,"KRUGERSDORP_",-26.1,27.77,23.7379204130782,"SF004754560"
"190","CAPETOWNINTL",-33.965,18.602,"CAPE_TOWN",-33.965,18.602,0,"SFM00068816"
"191","HOSEAKUTAKOINTL",-22.48,17.471,"HOSEA_KUTAKO",-22.483,17.467,0.529321793407878,"WA007848390"
"192","ASCENSIONAUXAF",-7.97,-14.394,"WIDE_AWAKE",-7.967,-14.4,0.740162040181505,"SHM00061902"
"193","LUANDA4DEFEVEREIRO",-8.858,13.231,"LUANDA_GSN",-8.85,13.233,0.916297729948518,"AO000066160"
"194","NDJILIINTL",-4.386,15.445,"NDJILI_INTL",-4.386,15.445,0,"CGM00064210"
"195","LEONMBA",0.459,9.412,"LEON_M",0.459,9.412,0,"GBM00064500"
"196","MALABO",3.755,8.709,"MALABO_64810",3.755,8.709,0,"EKM00064810"
"197","YAOUNDENSIMALEN",3.723,11.553,"BITAM_64510",2.08,11.48,182.873029548274,"GB000004510"
"198","BANGUIMPOKO",4.398,18.519,"BANGUI_M",4.398,18.519,0,"CTM00064650"
"199","ILORIN",8.44,4.494,"ILORIN_65101",8.44,4.494,0,"NIM00065101"
"200","MALLAMAMINUINTL",12.048,8.525,"MALLAM_AMINU",12.048,8.525,0,"NIM00065046"
"201","NDJAMENAHASSANDJAMOUS",12.134,15.034,"NDJAMENA_GSN",12.13,15.03,0.622028964264989,"CD000004700"
"202","DIORIHAMANI",13.482,2.184,"NIAMEY_AERO",13.5,2.13,6.17236553386276,"NG000001052"
"203","OUAGADOUGOU",12.353,-1.512,"OUAGADOUGOU_65503",12.353,-1.512,0,"UVM00065503"
"204","SENOU",12.534,-7.95,"SENOU_61291",12.534,-7.95,0,"MLM00061291"
"205","KOTOKAINTL",5.605,-0.167,"KOTOKA_INTL",5.605,-0.167,0,"GHM00065472"
"206","CONAKRY",9.577,-13.612,"CONAKRY_(AERO)",9.57,-13.62,1.17272311000609,"GV000001832"
"207","LEOPOLDSEDARSENGHORINTL",14.74,-17.49,"DAKAR/YOFF_GSN",14.733,-17.5,1.32750808298001,"SG000061641"
"208","AMILCARCABRALINTL",16.741,-22.949,"AMILCAR_CABRAL",16.741,-22.949,0,"CVM00008594"
"209","CHAKLALA",33.617,73.099,"POONCH_",33.78,74.12,96.1762378005667,"IN008070100"
"210","MULTANINTL",30.203,71.419,"KARANPUR_",29.83,73.47,201.778931733007,"IN019120500"
"211","JINNAHINTL",24.907,67.161,"LAKHAPAT_",23.83,68.78,203.055780613793,"IN005120301"
"212","QUETTA",30.251,66.938,"KANDAHAR_AIRPORT",31.5,65.85,173.404560733413,"AFM00040990"
"213","TRIBHUVANINTL",27.697,85.359,"BARHARWA_",27.23,84.63,88.7118340894741,"IN004020400"
"214","INDIRAGANDHIINTL",28.567,77.103,"NEW_DELHI/PALAM",28.567,77.117,1.36721050880587,"IN022023000"
"215","JODHPUR",26.251,73.049,"JODHPUR_",26.3,73.03,5.76849218525838,"IN019180100"
"216","AHMEDABAD",23.077,72.635,"AHMADABAD_42647",23.067,72.633,1.13061619421512,"IN005010600"
"217","CHHATRAPATISHIVAJIINTL",19.089,72.868,"KURLA_",19.07,72.88,2.4604337930444,"IN012070400"
"218","BANGALORE/HINDUSTANAIRPORT",12.95,77.633,"BANGALORE/HINDUSTAN_43296",12.95,77.633,0,"IN009012800"
"219","COCHIN",9.946,76.272,"ERNAKULAM_",9.98,76.28,3.88082125757632,"IN010032300"
"220","MALEINTL",4.192,73.529,"MALE_GSN",4.2,73.533,0.994025065805493,"MV000043555"
"221","COLOMBORATMALANA",6.822,79.886,"COLOMBO_GSN",6.9,79.867,8.92324434664726,"CEM00043466"
"222","CHENNAIINTL",12.994,80.181,"MADRAS/MINAMBAKKAM_GSN",13,80.183,0.701477668615307,"IN020040900"
"223","BEGUMPETAIRPORT",17.452,78.461,"BEGUMPET_OBSY",17.45,78.47,0.980253392856866,"IN001080500"
"224","VISHAKHAPATNAMCTLZ",17.717,83.217,"VISHAKHAPATNAM_43149",17.717,83.233,1.69473740978269,"IN001200200"
"225","BHOPAL",23.287,77.337,"BHOPAL/BAIRAGARH_42667",23.283,77.35,1.40031031153787,"IN011351500"
"226","PATNA",25.591,85.088,"PATNA_42492",25.6,85.1,1.56514230919087,"IN004102500"
"227","NETAJISUBHASHCHANDRABOSEI",22.655,88.447,"CALCUTTA/DUM_DUM",22.65,88.45,0.635515700136873,"IN024141500"
"228","HAZRATSHAHJALALINTL",23.843,90.398,"TEJGAON_41923",23.779,90.383,7.27823849060587,"BGM00041923"
"229","GUWAHATIINTL",26.106,91.586,"GAUHATI_GSN",26.1,91.583,0.73133562916563,"IN003041800"
"230","IMPHAL",24.76,93.897,"IMPHAL_(CANTT.)",24.8,93.95,6.95793375513979,"IN013010700"
"231","BEIJING-CAPITALINTERNATION",40.08,116.585,"BEIJING_GSN",39.933,116.283,30.476209228764,"CHM00054511"
"232","ZHOUSHUIZI",38.966,121.539,"DALIAN_54662",38.9,121.633,10.9529293640139,"CHM00054662"
"233","LONGJIA",43.996,125.681,"CHANGCHUN_54161",43.9,125.217,38.6497537219065,"CHM00054161"
"234","SANJIAZI",47.24,123.918,"QIQIHAR_GSN",47.383,123.917,15.9010532372813,"CHM00050745"
"235","MOHE",52.967,122.533,"IGNASINO_30686",53.467,122.4,56.2982492434851,"RSM00030686"
"236","BAITA",40.851,111.824,"HOHHOT_53463",40.817,111.683,12.450337949405,"CHM00053463"
"237","XINZHENG",34.52,113.841,"ZHENGZHOU_GSN",34.717,113.65,28.0237135546809,"CHM00057083"
"238","LIUTING",36.266,120.374,"TSINGTAO_",36.1833,120.3833,9.23358244425058,"CHW00043205"
"239","HONGQIAOINTL",31.198,121.336,"SHANGHAI/HONGQIAO_58367",31.167,121.433,9.8504031344959,"CHM00058367"
"240","CHANGBEIINTL",28.865,115.9,"NANCHANG_GSN",28.6,115.917,29.5132395132507,"CHM00058606"
"241","GAOQI",24.544,118.128,"XIAMEN_59134",24.483,118.083,8.16915709916224,"CHM00059134"
"242","HONGKONGINTL",22.309,113.915,"HONG_KONG",22.3,114.167,25.9438843547794,"CHM00045005"
"243","SANYAPHOENIXINTL",18.303,109.412,"SANYA_59948",18.217,109.583,20.4327279213223,"CHM00059948"
"244","LIANGJIANG",25.218,110.039,"GUILIN_57957",25.333,110.3,29.1931031800765,"CHM00057957"
"245","WUJIABA",24.992,102.744,"KUNMING_56778",25.017,102.683,6.74650174262119,"CHM00056778"
"246","LONGDONGBAO",26.539,106.801,"GUIYANG_57816",26.583,106.733,8.34737073280879,"CHM00057816"
"247","TIANHE",30.784,114.208,"WUHAN_57494",30.6,114.05,25.4332857913413,"CHM00057494"
"248","JIANGBEI",29.719,106.642,"CHONGQING_57516",29.583,106.467,22.686409306724,"CHM00057516"
"249","SHUANGLIU",30.579,103.947,"CHENGDU_56294",30.667,104.017,11.8580778817804,"CHM00056294"
"250","XIANYANG",34.447,108.752,"JINGHE_57131",34.433,108.967,19.7778363501699,"CHM00057131"
"251","YINCHUAN",38.483,106.217,"YINCHUAN_GSN",38.467,106.2,2.31415925455227,"CHM00053614"
"252","XINING",36.617,101.767,"XINING_52866",36.617,101.767,0,"CHM00052866"
"253","DIWOPU",43.907,87.474,"WU_LU",43.8,87.65,18.4585744448061,"CHM00051463"
"254","HOTAN",37.133,79.933,"HOTAN_GSN",37.133,79.933,0,"CHM00051828"
"255","LHASA",29.667,91.133,"LHASA_GSN",29.667,91.133,0,"CHM00055591"
"256","SUNGSHAN",25.069,121.552,"YONAGUNI-JIMA_47918",24.467,123.017,162.355669187555,"JA000047912"
"257","PYONGYANGINTL",39.224,125.67,"PYONGYANG_INTL",39.224,125.67,0,"KNM00047058"
"258","GIMPO",37.558,126.791,"SEOUL_ROK",37.55,126.8,1.19195781675081,"KSW00043201"
"259","GIMHAEINTL",35.18,128.938,"WEST_PUSAN",35.1833,128.9333,0.563119989106564,"KSW00043207"
"260","JEJUINTL",33.511,126.493,"CHEJU_DO",33.5167,126.4833,1.10018941630101,"KSW00043217"
"261","SAPPORO",43.116,141.38,"SAPPORO_47412",43.067,141.333,6.65223239268543,"JA000047412"
"262","TOKYOINTL",35.552,139.78,"TOKYO_",35.55,139.7667,1.22360382176455,"JAW00043311"
"263","NAGOYA",35.255,136.924,"NAGOYA_",35.25,136.9333,1.0110604388464,"JAW00043312"
"264","FUKUOKA",33.586,130.451,"FUKUOKA_",33.5833,130.45,0.314192175756234,"JAW00043310"
"265","CHINGGISKHAANINTL",47.843,106.767,"CHINGGIS_KHAAN",47.843,106.767,0,"MGM00044292"
"266","MYITKYINA",25.367,97.4,"MYITKYINA_48008",25.367,97.4,0,"BMM00048008"
"267","MANDALAY",21.983,96.1,"MANDALAY_GSN",21.983,96.1,0,"BMM00048042"
"268","YANGONINTL",16.907,96.133,"YANGON_INTL",16.907,96.133,0,"BMM00048097"
"269","CHIANGMAIINTL",18.767,98.963,"CHIANG_MAI",18.783,98.983,2.75656765830177,"TH000048327"
"270","BANGKOKINTL",13.913,100.607,"DON_MUANG",13.917,100.6,0.876722800162007,"TH000048456"
"271","PHUKETINTL",8.113,98.317,"PHUKET_AIRPORT",8.132,98.317,2.11270360624659,"TH000048565"
"272","WATTAYINTL",17.988,102.563,"WATTAY_INTL",17.988,102.563,0,"LAM00048940"
"273","PHNOMPENHINTL",11.547,104.844,"PHNOM_PENH",11.547,104.844,0,"CBM00048991"
"274","NOIBAIINTL",21.221,105.807,"NOIBAI_INTL",21.221,105.807,0,"VMM00048820"
"275","TANSONNHATINTL",10.819,106.652,"SAIGON_",10.8167,106.65,0.336336510715266,"VMW00041008"
"276","SULTANABDULAZIZSHAHINTL",3.131,101.549,"SULTAN_ABDUL",3.131,101.549,0,"MYM00048647"
"277","SINGAPORECHANGIINTL",1.35,103.994,"SINGAPORE_CHANGI",1.35,103.994,0,"SNM00048698"
"278","POLONIA",3.558,98.672,"POLONIA_96035",3.558,98.672,0,"IDM00096035"
"279","SOEKARNOHATTAINTL",-6.126,106.656,"SOEKARNO_HATTA",-6.126,106.656,0,"IDM00096749"
"280","SEPINGGAN",-1.268,116.894,"SEPINGGAN_96633",-1.268,116.894,0,"IDM00096633"
"281","HASANUDDIN",-5.062,119.554,"HASANUDDIN_97180",-5.062,119.554,0,"IDM00097180"
"282","PATTIMURA",-3.71,128.089,"AMBON/PATTIMURA_GSN",-3.7,128.083,1.29602767685272,"ID000097724"
"283","NINOYAQUINOINTL",14.509,121.02,"XISHA_DAO",16.833,112.333,965.139611364243,"CHM00059981"
"284","MACTANCEBUINTL",10.308,123.979,"NAHA_97008",3.683,125.528,756.22099068334,"IDM00097008"
"285","FRANCISCOBANGOYINTL",7.126,125.646,"NAHA_97008",3.683,125.528,383.066848519086,"IDM00097008"
"286","PERTHINTL",-31.94,115.967,"PERTH_AIRPORT",-31.9356,115.9639,0.570038002709994,"ASN00009250"
"287","DARWININTL",-12.415,130.877,"DARWIN_AIRPORT",-12.4227,130.8844,1.17423835366749,"ASN00014040"
"288","ADELAIDEINTL",-34.945,138.531,"ADELAIDE_AIRPORT",-34.9552,138.5356,1.20919503029144,"ASN00023055"
"289","MELBOURNEESSENDON",-37.728,144.902,"ESSENDON_AIRPORT",-37.7276,144.9066,0.406994047850976,"ASN00086038"
"290","HOBART",-42.836,147.51,"HOBART_AIRPORT",-42.8339,147.5033,0.594135370886433,"ASN00094008"
"291","CANBERRA",-35.307,149.195,"CANBERRA_AERO",-35.3083,149.1936,0.192443407421231,"ASN00070338"
"292","SYDNEYINTL",-33.946,151.177,"SYDNEY_AIRPORT",-33.9465,151.1731,0.364018766094672,"ASN00066037"
"293","BRISBANEAIRPORT",-27.417,153.067,"NUDGEE_",-27.4167,153.0667,0.0446053596149322,"ASN00040236"
"294","AUCKLANDINTL",-37.008,174.792,"NORFOLK_ISLAND",-29.042,167.939,1091.40358409882,"NFM00094996"
"295","INVERCARGILLAIRPORTAWS",-46.417,168.333,"MACQUARIE_ISLAND",-54.499,158.937,1116.01944805245,"ASM00094998"
"296","PORTMORESBYJACKSONSINTL",-9.443,147.22,"MURRAY_ISLAND",-9.9167,144.0333,353.246734575605,"ASN00027016"
"297","HONIARAINTL",-9.428,160.055,"GUADALCANAL_AAF",-9.4333,160.05,0.805060477088481,"BPW00080601"
"298","NAUSORIINTL",-18.043,178.559,"NAUSORI_INTL",-18.043,178.559,0,"FJM00091683"
"299","GUAMINTERNATIONALAIRPORT",13.483,144.8,"GU_GUAM",13.4836,144.7961,0.426952553954853,"GQW00041415"
"300","TAFUNA/PAGOPAGOINTERNATIONA",-14.331,-170.714,"AS_PAGO",-14.3306,-170.7136,0.0619304259439471,"AQW00061705"
